station_id,station_oldcode,station_name_th,station_name_en,latitude,longitude,station_type,sub_basin_id,sub_basin_name_th,sub_basin_name_en,sponsor_by,river_name,ground_level,min_bank,qmax,province_code,province_name_th,province_name_en,amphoe_name_th,amphoe_name_en,tumbon_name_th,tumbon_name_en,area_name_th,warning_zone,agency_shortname_th,agency_shortname_en,agency_name_th,agency_name_en,basin_id,basin_name_th,basin_name_en
1123741,STN1903,บ้านน้ำคำ,,16.67387,103.964021,rainfall_24h,0426,,,,,,,,46,กาฬสินธุ์,Kalasin,นาคู,Na Khu District,ภูแล่นช้าง,Phu Laen Chang,ภาคตะวันออกเฉียงเหนือ,08,ทน.,DWR,กรมทรัพยากรน้ำ,Department of Water Resources,4,ลุ่มน้ำชี,Chi River Basin
1167,STN0305,บ้านดงบัง,,16.793743,103.795408,rainfall_24h,0424,,,,,,,,46,กาฬสินธุ์,Kalasin,สมเด็จ,Somdet District,มหาไชย,Mahachai,ภาคตะวันออกเฉียงเหนือ,08,ทน.,DWR,กรมทรัพยากรน้ำ,Department of Water Resources,4,ลุ่มน้ำชี,Chi River Basin
1123742,STN1904,บ้านแก้งกะอาม,,16.778025,103.837717,rainfall_24h,0426,,,,,,,,46,กาฬสินธุ์,Kalasin,สมเด็จ,Somdet District,ผาเสวย,Pha Sawoei,ภาคตะวันออกเฉียงเหนือ,08,ทน.,DWR,กรมทรัพยากรน้ำ,Department of Water Resources,4,ลุ่มน้ำชี,Chi River Basin
1101,STN0970,บ้านวังยาวใหญ่,,16.70693,101.94718,rainfall_24h,0415,,,,,,,,40,ขอนแก่น,Khon Kaen,ชุมแพ,Chum Phae District,นาหนองทุ่ม,Na Nong Thum,ภาคตะวันออกเฉียงเหนือ,08,ทน.,DWR,กรมทรัพยากรน้ำ,Department of Water Resources,4,ลุ่มน้ำชี,Chi River Basin
1123803,STN1965,บ้านหนองไห,,16.208084,102.665055,rainfall_24h,0409,,,,,,,,40,ขอนแก่น,Khon Kaen,บ้านแฮด,Ban Haet District,โคกสำราญ,Khok Samran,ภาคตะวันออกเฉียงเหนือ,08,ทน.,DWR,กรมทรัพยากรน้ำ,Department of Water Resources,4,ลุ่มน้ำชี,Chi River Basin
501382,STN1352,บ้านดงสะคร่าน,,16.730264,101.793881,rainfall_24h,0415,,,,,,,,40,ขอนแก่น,Khon Kaen,ภูผาม่าน,Phu Pha Man District,วังสวาบ,Wang Sawap,ภาคตะวันออกเฉียงเหนือ,08,ทน.,DWR,กรมทรัพยากรน้ำ,Department of Water Resources,4,ลุ่มน้ำชี,Chi River Basin
1104,STN0972,บ้านวังกกแก้ว,,16.71382,101.84219,rainfall_24h,0415,,,,,,,,40,ขอนแก่น,Khon Kaen,ภูผาม่าน,Phu Pha Man District,วังสวาบ,Wang Sawap,ภาคตะวันออกเฉียงเหนือ,08,ทน.,DWR,กรมทรัพยากรน้ำ,Department of Water Resources,4,ลุ่มน้ำชี,Chi River Basin
1123740,STN1902,บ้านเขาวง,,16.650829,101.773081,rainfall_24h,0415,,,,,,,,40,ขอนแก่น,Khon Kaen,ภูผาม่าน,Phu Pha Man District,วังสวาบ,Wang Sawap,ภาคตะวันออกเฉียงเหนือ,08,ทน.,DWR,กรมทรัพยากรน้ำ,Department of Water Resources,4,ลุ่มน้ำชี,Chi River Basin
1459062,STN2197,บ้านคำแคน,,16.301109,102.501109,rainfall_24h,0409,,,,,,,,40,ขอนแก่น,Khon Kaen,มัญจาคีรี,Mancha Khiri District,คำแคน,Kham Khaen,ภาคตะวันออกเฉียงเหนือ,08,ทน.,DWR,กรมทรัพยากรน้ำ,Department of Water Resources,4,ลุ่มน้ำชี,Chi River Basin
1102,STN0303,บ้านโนนหัวช้าง,,17.034119,102.734217,rainfall_24h,0418,,,,,,,,40,ขอนแก่น,Khon Kaen,เขาสวนกวาง,Khao Suan Kwang District,โนนสมบูรณ์,Non Sombun,ภาคตะวันออกเฉียงเหนือ,08,ทน.,DWR,กรมทรัพยากรน้ำ,Department of Water Resources,4,ลุ่มน้ำชี,Chi River Basin
1123804,STN1966,บ้านท่าฉาง,,15.867757,102.324973,rainfall_24h,0407,,,,,,,,36,ชัยภูมิ,Chaiyaphum,คอนสวรรค์,Khon Sawan District,ยางหวาย,Yang Wai,ภาคตะวันออกเฉียงเหนือ,08,ทน.,DWR,กรมทรัพยากรน้ำ,Department of Water Resources,4,ลุ่มน้ำชี,Chi River Basin
1103,STN0973,บ้านท่าเริงรมย์,,16.639903,101.892638,rainfall_24h,0415,,,,,,,,36,ชัยภูมิ,Chaiyaphum,คอนสาร,Khon San District,ทุ่งพระ,Thung Phra,ภาคตะวันออกเฉียงเหนือ,08,ทน.,DWR,กรมทรัพยากรน้ำ,Department of Water Resources,4,ลุ่มน้ำชี,Chi River Basin
1123745,STN1907,บ้านหนองเชียงรอดเหนือ,,16.515036,101.823138,rainfall_24h,0415,,,,,,,,36,ชัยภูมิ,Chaiyaphum,คอนสาร,Khon San District,ทุ่งลุยลาย,Thung Lui Lai,ภาคตะวันออกเฉียงเหนือ,08,ทน.,DWR,กรมทรัพยากรน้ำ,Department of Water Resources,4,ลุ่มน้ำชี,Chi River Basin
1123805,STN1967,บ้านโนนน้อย,,15.659902,101.932975,rainfall_24h,0407,,,,,,,,36,ชัยภูมิ,Chaiyaphum,จัตุรัส,Chatturat District,ละหาน,Lahan,ภาคตะวันออกเฉียงเหนือ,08,ทน.,DWR,กรมทรัพยากรน้ำ,Department of Water Resources,4,ลุ่มน้ำชี,Chi River Basin
1100,STN0979,บ้านซับชมภู,,15.766963,101.377482,rainfall_24h,0403,,,,,,,,36,ชัยภูมิ,Chaiyaphum,ภักดีชุมพล,Phakdi Chumphon District,วังทอง,Wang Thong,ภาคตะวันออกเฉียงเหนือ,08,ทน.,DWR,กรมทรัพยากรน้ำ,Department of Water Resources,4,ลุ่มน้ำชี,Chi River Basin
1099,STN0980,บ้านผาทอง,,15.841406,101.363924,rainfall_24h,0403,,,,,,,,36,ชัยภูมิ,Chaiyaphum,ภักดีชุมพล,Phakdi Chumphon District,วังทอง,Wang Thong,ภาคตะวันออกเฉียงเหนือ,08,ทน.,DWR,กรมทรัพยากรน้ำ,Department of Water Resources,4,ลุ่มน้ำชี,Chi River Basin
1459063,STN2198,บ้านโนนระเวียง,,16.01213,101.491527,rainfall_24h,0403,,,,,,,,36,ชัยภูมิ,Chaiyaphum,ภักดีชุมพล,Phakdi Chumphon District,แหลมทอง,Laem Thong,ภาคตะวันออกเฉียงเหนือ,08,ทน.,DWR,กรมทรัพยากรน้ำ,Department of Water Resources,4,ลุ่มน้ำชี,Chi River Basin
1097,STN0466,บ้านตาดรินทอง,,16.216026,102.111791,rainfall_24h,0407,,,,,,,,36,ชัยภูมิ,Chaiyaphum,ภูเขียว,Phu Khiao District,ธาตุทอง,That Thong,ภาคตะวันออกเฉียงเหนือ,08,ทน.,DWR,กรมทรัพยากรน้ำ,Department of Water Resources,4,ลุ่มน้ำชี,Chi River Basin
501457,STN1428,บ้านสำนักตูมกา,,15.865841,101.593516,rainfall_24h,0403,,,,,,,,36,ชัยภูมิ,Chaiyaphum,หนองบัวระเหว,Nong Bua Rawe District,วังตะเฆ่,Wang Takhe,ภาคตะวันออกเฉียงเหนือ,08,ทน.,DWR,กรมทรัพยากรน้ำ,Department of Water Resources,4,ลุ่มน้ำชี,Chi River Basin
1090,STN0974,บ้านใหม่สามัคคี,,15.933043,101.699489,rainfall_24h,0403,,,,,,,,36,ชัยภูมิ,Chaiyaphum,หนองบัวระเหว,Nong Bua Rawe District,ห้วยแย้,Huai Yae,ภาคตะวันออกเฉียงเหนือ,08,ทน.,DWR,กรมทรัพยากรน้ำ,Department of Water Resources,4,ลุ่มน้ำชี,Chi River Basin
1123747,STN1909,บ้านคลองเจริญ,,16.225363,101.568146,rainfall_24h,0401,,,,,,,,36,ชัยภูมิ,Chaiyaphum,หนองบัวแดง,Nong Bua Daeng District,นางแดด,Nang Daet,ภาคตะวันออกเฉียงเหนือ,08,ทน.,DWR,กรมทรัพยากรน้ำ,Department of Water Resources,4,ลุ่มน้ำชี,Chi River Basin
1092,STN0781,บ้านลาดเหนือ,,16.119843,101.797321,rainfall_24h,0403,,,,,,,,36,ชัยภูมิ,Chaiyaphum,หนองบัวแดง,Nong Bua Daeng District,หนองบัวแดง,Nong Bua Daeng,ภาคตะวันออกเฉียงเหนือ,08,ทน.,DWR,กรมทรัพยากรน้ำ,Department of Water Resources,4,ลุ่มน้ำชี,Chi River Basin
1123806,STN1968,บ้านโนนตูม,,16.10879,101.663867,rainfall_24h,0403,,,,,,,,36,ชัยภูมิ,Chaiyaphum,หนองบัวแดง,Nong Bua Daeng District,หนองแวง,Nong Waeng,ภาคตะวันออกเฉียงเหนือ,08,ทน.,DWR,กรมทรัพยากรน้ำ,Department of Water Resources,4,ลุ่มน้ำชี,Chi River Basin
1123746,STN1908,บ้านโหล่น,,16.254529,101.481703,rainfall_24h,0401,,,,,,,,36,ชัยภูมิ,Chaiyaphum,หนองบัวแดง,Nong Bua Daeng District,นางแดด,Nang Daet,ภาคตะวันออกเฉียงเหนือ,08,ทน.,DWR,กรมทรัพยากรน้ำ,Department of Water Resources,4,ลุ่มน้ำชี,Chi River Basin
501390,STN1360,บ้านกลาง,,16.37945,101.79831,rainfall_24h,0414,,,,,,,,36,ชัยภูมิ,Chaiyaphum,เกษตรสมบูรณ์,Kaset Sombun District,โนนทอง,Non Thong,ภาคตะวันออกเฉียงเหนือ,08,ทน.,DWR,กรมทรัพยากรน้ำ,Department of Water Resources,4,ลุ่มน้ำชี,Chi River Basin
501395,STN1365,บ้านกุดจิก,,16.142753,101.850658,rainfall_24h,0403,,,,,,,,36,ชัยภูมิ,Chaiyaphum,เกษตรสมบูรณ์,Kaset Sombun District,หนองข่า,Nong Kha,ภาคตะวันออกเฉียงเหนือ,08,ทน.,DWR,กรมทรัพยากรน้ำ,Department of Water Resources,4,ลุ่มน้ำชี,Chi River Basin
501397,STN1367,บ้านโนนงิ้ว,,16.227029,101.909718,rainfall_24h,0414,,,,,,,,36,ชัยภูมิ,Chaiyaphum,เกษตรสมบูรณ์,Kaset Sombun District,บ้านบัว,Ban Bua,ภาคตะวันออกเฉียงเหนือ,08,ทน.,DWR,กรมทรัพยากรน้ำ,Department of Water Resources,4,ลุ่มน้ำชี,Chi River Basin
501396,STN1366,บ้านโนนเขวา,,16.321607,101.869929,rainfall_24h,0414,,,,,,,,36,ชัยภูมิ,Chaiyaphum,เกษตรสมบูรณ์,Kaset Sombun District,โนนทอง,Non Thong,ภาคตะวันออกเฉียงเหนือ,08,ทน.,DWR,กรมทรัพยากรน้ำ,Department of Water Resources,4,ลุ่มน้ำชี,Chi River Basin
1094,STN0975,บ้านซับมงคล,,15.830751,101.458516,rainfall_24h,0404,,,,,,,,36,ชัยภูมิ,Chaiyaphum,เทพสถิต,Thep Sathit District,โป่งนก,Pong Nok,ภาคตะวันออกเฉียงเหนือ,08,ทน.,DWR,กรมทรัพยากรน้ำ,Department of Water Resources,4,ลุ่มน้ำชี,Chi River Basin
501498,STN1470,บ้านวังอ้ายโพธิ์,,15.596487,101.459107,rainfall_24h,0406,,,,,,,,36,ชัยภูมิ,Chaiyaphum,เทพสถิต,Thep Sathit District,บ้านไร่,Ban Rai,ภาคตะวันออกเฉียงเหนือ,08,ทน.,DWR,กรมทรัพยากรน้ำ,Department of Water Resources,4,ลุ่มน้ำชี,Chi River Basin
1095,STN0976,บ้านสะพานหิน,,15.753988,101.461433,rainfall_24h,0404,,,,,,,,36,ชัยภูมิ,Chaiyaphum,เทพสถิต,Thep Sathit District,โป่งนก,Pong Nok,ภาคตะวันออกเฉียงเหนือ,08,ทน.,DWR,กรมทรัพยากรน้ำ,Department of Water Resources,4,ลุ่มน้ำชี,Chi River Basin
501499,STN1471,บ้านเทพพนา,,15.681306,101.41098,rainfall_24h,0404,,,,,,,,36,ชัยภูมิ,Chaiyaphum,เทพสถิต,Thep Sathit District,นายางกลัก,Na Yang Klak,ภาคตะวันออกเฉียงเหนือ,08,ทน.,DWR,กรมทรัพยากรน้ำ,Department of Water Resources,4,ลุ่มน้ำชี,Chi River Basin
501496,STN1468,บ้านโคกสะอาด,,15.675843,101.473081,rainfall_24h,0404,,,,,,,,36,ชัยภูมิ,Chaiyaphum,เทพสถิต,Thep Sathit District,นายางกลัก,Na Yang Klak,ภาคตะวันออกเฉียงเหนือ,08,ทน.,DWR,กรมทรัพยากรน้ำ,Department of Water Resources,4,ลุ่มน้ำชี,Chi River Basin
1096,STN0977,บ้านโป่งนกสามัคคี,,15.769466,101.52341,rainfall_24h,0404,,,,,,,,36,ชัยภูมิ,Chaiyaphum,เทพสถิต,Thep Sathit District,โป่งนก,Pong Nok,ภาคตะวันออกเฉียงเหนือ,08,ทน.,DWR,กรมทรัพยากรน้ำ,Department of Water Resources,4,ลุ่มน้ำชี,Chi River Basin
1093,STN0978,บ้านไร่พัฒนา,,15.538066,101.417525,rainfall_24h,0406,,,,,,,,36,ชัยภูมิ,Chaiyaphum,เทพสถิต,Thep Sathit District,วะตะแบก,Wa Tabaek,ภาคตะวันออกเฉียงเหนือ,08,ทน.,DWR,กรมทรัพยากรน้ำ,Department of Water Resources,4,ลุ่มน้ำชี,Chi River Basin
501500,STN1472,บ้านท่าหินโงม,,16.057943,102.032975,rainfall_24h,0407,,,,,,,,36,ชัยภูมิ,Chaiyaphum,เมืองชัยภูมิ,Mueang Chaiyaphum District,ท่าหินโงม,Tha Hin Ngom,ภาคตะวันออกเฉียงเหนือ,08,ทน.,DWR,กรมทรัพยากรน้ำ,Department of Water Resources,4,ลุ่มน้ำชี,Chi River Basin
1091,STN0304,บ้านลาดผักหนาม,,16.137616,102.048616,rainfall_24h,0407,,,,,,,,36,ชัยภูมิ,Chaiyaphum,เมืองชัยภูมิ,Mueang Chaiyaphum District,ซับสีทอง,Sub Sea Thong,ภาคตะวันออกเฉียงเหนือ,08,ทน.,DWR,กรมทรัพยากรน้ำ,Department of Water Resources,4,ลุ่มน้ำชี,Chi River Basin
1123743,STN1905,บ้านวังโพน,,16.013158,101.986295,rainfall_24h,0407,,,,,,,,36,ชัยภูมิ,Chaiyaphum,เมืองชัยภูมิ,Mueang Chaiyaphum District,ท่าหินโงม,Tha Hin Ngom,ภาคตะวันออกเฉียงเหนือ,08,ทน.,DWR,กรมทรัพยากรน้ำ,Department of Water Resources,4,ลุ่มน้ำชี,Chi River Basin
1123744,STN1906,บ้านโนนพระคำ,,15.950174,102.008527,rainfall_24h,0407,,,,,,,,36,ชัยภูมิ,Chaiyaphum,เมืองชัยภูมิ,Mueang Chaiyaphum District,นาฝาย,Na Fai,ภาคตะวันออกเฉียงเหนือ,08,ทน.,DWR,กรมทรัพยากรน้ำ,Department of Water Resources,4,ลุ่มน้ำชี,Chi River Basin
1123808,STN1970,บ้านเกิ้งพัฒนา,,16.216735,103.340724,rainfall_24h,0421,,,,,,,,44,มหาสารคาม,Maha Sarakham,กันทรวิชัย,Kantharawichai District,มะค่า,Makha,ภาคตะวันออกเฉียงเหนือ,08,ทน.,DWR,กรมทรัพยากรน้ำ,Department of Water Resources,4,ลุ่มน้ำชี,Chi River Basin
1123807,STN1969,บ้านหนองโน,,16.195865,103.156029,rainfall_24h,0421,,,,,,,,44,มหาสารคาม,Maha Sarakham,เมืองมหาสารคาม,Mueang Maha Sarakham District,ท่าสองคอน,Tha Song Khon,ภาคตะวันออกเฉียงเหนือ,08,ทน.,DWR,กรมทรัพยากรน้ำ,Department of Water Resources,4,ลุ่มน้ำชี,Chi River Basin
1459144,STN2279,บ้านสำราญ,,15.806083,104.112764,rainfall_24h,0427,,,,,,,,35,ยโสธร,Yasothon,เมืองยโสธร,Mueang Yasothon District,สำราญ,Samran,ภาคตะวันออกเฉียงเหนือ,08,ทน.,DWR,กรมทรัพยากรน้ำ,Department of Water Resources,4,ลุ่มน้ำชี,Chi River Basin
1459064,STN2199,บ้านดงกลาง 2,,16.159821,103.993656,rainfall_24h,0426,,,,,,,,45,ร้อยเอ็ด,Roi Et,โพนทอง,Phon Thong District,โคกกกม่วง,Khok Kok Muang,ภาคตะวันออกเฉียงเหนือ,08,ทน.,DWR,กรมทรัพยากรน้ำ,Department of Water Resources,4,ลุ่มน้ำชี,Chi River Basin
1123730,STN1892,บ้านกุดแห่,,17.332035,102.183672,rainfall_24h,0413,,,,,,,,39,หนองบัวลำภู,Nong Bua Lam Phu,นากลาง,Na Klang District,นากลาง,Na Klang,ภาคตะวันออกเฉียงเหนือ,08,ทน.,DWR,กรมทรัพยากรน้ำ,Department of Water Resources,4,ลุ่มน้ำชี,Chi River Basin
1123728,STN1890,บ้านฝั่งแดง,,17.267301,102.227385,rainfall_24h,0413,,,,,,,,39,หนองบัวลำภู,Nong Bua Lam Phu,นากลาง,Na Klang District,ฝั่งแดง,Fang Daeng,ภาคตะวันออกเฉียงเหนือ,08,ทน.,DWR,กรมทรัพยากรน้ำ,Department of Water Resources,4,ลุ่มน้ำชี,Chi River Basin
1123729,STN1891,บ้านสนามชัย,,17.403565,102.145088,rainfall_24h,0413,,,,,,,,39,หนองบัวลำภู,Nong Bua Lam Phu,นากลาง,Na Klang District,กุดแห่,Kut Hae,ภาคตะวันออกเฉียงเหนือ,08,ทน.,DWR,กรมทรัพยากรน้ำ,Department of Water Resources,4,ลุ่มน้ำชี,Chi River Basin
1123733,STN1895,บ้านดอนยานาง,,17.268434,102.392105,rainfall_24h,0413,,,,,,,,39,หนองบัวลำภู,Nong Bua Lam Phu,เมืองหนองบัวลำภู,Mueang Nong Bua Lam Phu District,หนองภัยศูนย์,Nong Phai Sun,ภาคตะวันออกเฉียงเหนือ,08,ทน.,DWR,กรมทรัพยากรน้ำ,Department of Water Resources,4,ลุ่มน้ำชี,Chi River Basin
1123731,STN1893,บ้านภูพานทอง,,17.228966,102.47278,rainfall_24h,0413,,,,,,,,39,หนองบัวลำภู,Nong Bua Lam Phu,เมืองหนองบัวลำภู,Mueang Nong Bua Lam Phu District,โนนทัน,Non Than,ภาคตะวันออกเฉียงเหนือ,08,ทน.,DWR,กรมทรัพยากรน้ำ,Department of Water Resources,4,ลุ่มน้ำชี,Chi River Basin
1123736,STN1898,บ้านทับกุง,,17.166869,102.767568,rainfall_24h,0422,,,,,,,,41,อุดรธานี,Udon Thani,หนองแสง,Nong Saeng District,ทับกุง,Thap Kung,ภาคตะวันออกเฉียงเหนือ,08,ทน.,DWR,กรมทรัพยากรน้ำ,Department of Water Resources,4,ลุ่มน้ำชี,Chi River Basin
1123971,STN2134,บ้านท่าศาลา,,15.265384,104.64525,rainfall_24h,0427,,,,,,,,34,อุบลราชธานี,Ubon Ratchathani,เขื่องใน,Khueang Nai District,ชีทวน,Chi Thuan,ภาคตะวันออกเฉียงเหนือ,08,ทน.,DWR,กรมทรัพยากรน้ำ,Department of Water Resources,4,ลุ่มน้ำชี,Chi River Basin
1459153,STN2288,บ้านธาตุน้อย,,15.311814,104.436683,rainfall_24h,0427,,,,,,,,34,อุบลราชธานี,Ubon Ratchathani,เขื่องใน,Khueang Nai District,ธาตุน้อย,That Noi,ภาคตะวันออกเฉียงเหนือ,08,ทน.,DWR,กรมทรัพยากรน้ำ,Department of Water Resources,4,ลุ่มน้ำชี,Chi River Basin
501451,STN1422,บ้านซำม่วง,,16.91873,101.585674,rainfall_24h,0410,,,,,,,,67,เพชรบูรณ์,Phetchabun,น้ำหนาว,Nam Nao District,วังกวาง,Wang Kwang,ภาคเหนือ,02,ทน.,DWR,กรมทรัพยากรน้ำ,Department of Water Resources,4,ลุ่มน้ำชี,Chi River Basin
501428,STN1398,บ้านฟองใต้,,16.844283,101.687272,rainfall_24h,0410,,,,,,,,67,เพชรบูรณ์,Phetchabun,น้ำหนาว,Nam Nao District,วังกวาง,Wang Kwang,ภาคเหนือ,02,ทน.,DWR,กรมทรัพยากรน้ำ,Department of Water Resources,4,ลุ่มน้ำชี,Chi River Basin
501448,STN1418,บ้านห้วยหินลับ,,16.878488,101.634185,rainfall_24h,0410,,,,,,,,67,เพชรบูรณ์,Phetchabun,น้ำหนาว,Nam Nao District,วังกวาง,Wang Kwang,ภาคเหนือ,02,ทน.,DWR,กรมทรัพยากรน้ำ,Department of Water Resources,4,ลุ่มน้ำชี,Chi River Basin
1119,STN0964,บ้านแก้วเมธี,,17.476083,102.002819,rainfall_24h,0413,,,,,,,,42,เลย,Loei,นาด้วง,Na Duang District,นาด้วง,Na Duang,ภาคตะวันออกเฉียงเหนือ,08,ทน.,DWR,กรมทรัพยากรน้ำ,Department of Water Resources,4,ลุ่มน้ำชี,Chi River Basin
1120,STN0769,บ้านโนนตะวัน,,17.533764,101.986768,rainfall_24h,0413,,,,,,,,42,เลย,Loei,นาด้วง,Na Duang District,นาดอกคำ,Na Dok Kham,ภาคตะวันออกเฉียงเหนือ,08,ทน.,DWR,กรมทรัพยากรน้ำ,Department of Water Resources,4,ลุ่มน้ำชี,Chi River Basin
501201,STN1164,บ้านนาน้อย,,16.818522,101.813689,rainfall_24h,0410,,,,,,,,42,เลย,Loei,ภูกระดึง,Phu Kradueng District,ศรีฐาน,Si Than,ภาคตะวันออกเฉียงเหนือ,08,ทน.,DWR,กรมทรัพยากรน้ำ,Department of Water Resources,4,ลุ่มน้ำชี,Chi River Basin
1164,STN0969,บ้านนาแปน,,16.910144,101.858788,rainfall_24h,0410,,,,,,,,42,เลย,Loei,ภูกระดึง,Phu Kradueng District,ศรีฐาน,Si Than,ภาคตะวันออกเฉียงเหนือ,08,ทน.,DWR,กรมทรัพยากรน้ำ,Department of Water Resources,4,ลุ่มน้ำชี,Chi River Basin
1123809,STN1971,บ้านน้ำพอง,,16.827698,101.848349,rainfall_24h,0410,,,,,,,,42,เลย,Loei,ภูกระดึง,Phu Kradueng District,ศรีฐาน,Si Than,ภาคตะวันออกเฉียงเหนือ,08,ทน.,DWR,กรมทรัพยากรน้ำ,Department of Water Resources,4,ลุ่มน้ำชี,Chi River Basin
1163,STN0968,บ้านวังยาง,,16.97509,101.77508,rainfall_24h,0410,,,,,,,,42,เลย,Loei,ภูกระดึง,Phu Kradueng District,ศรีฐาน,Si Than,ภาคตะวันออกเฉียงเหนือ,08,ทน.,DWR,กรมทรัพยากรน้ำ,Department of Water Resources,4,ลุ่มน้ำชี,Chi River Basin
